アドルフ・レオン・ウィレット,https://customprinthaus.com/search?type=product%2Carticle&options%5Bprefix%5D=last&q=+ADOLPHE+LEON+WILLETTE,,,
アボット・ハンダーソン・セイヤー,https://customprinthaus.com/search?type=product%2Carticle&options%5Bprefix%5D=last&q=aBBOTT%20HANDERSON%20THAYER,,,
アンリ・ド・トゥールーズ＝ロートレック,https://customprinthaus.com/search?type=product%2Carticle&options%5Bprefix%5D=last&q=henri+Lautrec,https://customprinthaus.com/search?options%5Bprefix%5D=last&page=2&q=henri+Lautrec&type=product%2Carticle,,
アンリ・ルソー,https://customprinthaus.com/search?type=product%2Carticle&options%5Bprefix%5D=last&q=Rousseau,https://customprinthaus.com/search?options%5Bprefix%5D=last&page=2&q=Rousseau&type=product%2Carticle,,
ウィンスロー・ホーマー,https://customprinthaus.com/search?type=product%2Carticle&options%5Bprefix%5D=last&q=WINSLOW+HOMER,https://customprinthaus.com/search?options%5Bprefix%5D=last&page=2&q=WINSLOW+HOMER&type=product%2Carticle,https://customprinthaus.com/search?options%5Bprefix%5D=last&page=3&q=WINSLOW+HOMER&type=product%2Carticle,https://customprinthaus.com/search?options%5Bprefix%5D=last&page=4&q=WINSLOW+HOMER&type=product%2Carticle
エゴン・シーレ,https://customprinthaus.com/search?type=product%2Carticle&options%5Bprefix%5D=last&q=Egon+Schiele,,,
エドゥアール・マネ,https://customprinthaus.com/search?type=product%2Carticle&options%5Bprefix%5D=last&q=edouard+Manet,https://customprinthaus.com/search?options%5Bprefix%5D=last&page=2&q=edouard+Manet&type=product%2Carticle,,
エドヴァルド・ムンク,https://customprinthaus.com/search?type=product%2Carticle&options%5Bprefix%5D=last&q=Edvard+Munch,https://customprinthaus.com/search?options%5Bprefix%5D=last&page=2&q=Edvard+Munch&type=product%2Carticle,,
エドガー・ドガ,https://customprinthaus.com/search?type=product%2Carticle&options%5Bprefix%5D=last&q=+Edgar+Degas,https://customprinthaus.com/search?options%5Bprefix%5D=last&page=2&q=+Edgar+Degas&type=product%2Carticle,,
エドワード・バーン＝ジョーンズ,https://customprinthaus.com/search?type=product%2Carticle&options%5Bprefix%5D=last&q=edward+Jones,,,
エルンスト・ルートヴィッヒ・キルヒナー,https://customprinthaus.com/search?type=product%2Carticle&options%5Bprefix%5D=last&q=Ernst+Ludwig+Kirchner,https://customprinthaus.com/search?options%5Bprefix%5D=last&page=2&q=Ernst+Ludwig+Kirchner&type=product%2Carticle,https://customprinthaus.com/search?options%5Bprefix%5D=last&page=3&q=Ernst+Ludwig+Kirchner&type=product%2Carticle,
オディオン・ルドン,https://customprinthaus.com/search?type=product%2Carticle&options%5Bprefix%5D=last&q=Odilon+Redon,https://customprinthaus.com/search?options%5Bprefix%5D=last&page=2&q=Odilon+Redon&type=product%2Carticle,,
カミーユ・ピサロ,https://customprinthaus.com/search?type=product%2Carticle&options%5Bprefix%5D=last&q=Camille+Pissarro,https://customprinthaus.com/search?options%5Bprefix%5D=last&page=2&q=Camille+Pissarro&type=product%2Carticle,https://customprinthaus.com/search?options%5Bprefix%5D=last&page=3&q=Camille+Pissarro&type=product%2Carticle,
ギュスターヴ・カイユボット,https://customprinthaus.com/search?type=product%2Carticle&options%5Bprefix%5D=last&q=Gustave+Caillebotte,,,
グスタフ・クリムト,https://customprinthaus.com/search?type=product%2Carticle&options%5Bprefix%5D=last&q=Gustav+Klimt,https://customprinthaus.com/search?options%5Bprefix%5D=last&page=2&q=Gustav+Klimt&type=product%2Carticle,,
グラント・ウッド,https://customprinthaus.com/search?type=product%2Carticle&options%5Bprefix%5D=last&q=%7CGRANT+WOOD%7C+REGIONALISM,,,
クロード・モネ,https://customprinthaus.com/search?options%5Bprefix%5D=last&page=1&q=CLAUDE+MONET&type=product%2Carticle,https://customprinthaus.com/search?options%5Bprefix%5D=last&page=2&q=CLAUDE+MONET&type=product%2Carticle,https://customprinthaus.com/search?options%5Bprefix%5D=last&page=3&q=CLAUDE+MONET&type=product%2Carticle,
サミュエル・コールマン,https://customprinthaus.com/search?type=product%2Carticle&options%5Bprefix%5D=last&q=SAMUEL+COLMAN,,,
サミュエル・メスキータ,https://customprinthaus.com/search?type=product%2Carticle&options%5Bprefix%5D=last&q=Samuel+Jessurun,https://customprinthaus.com/search?options%5Bprefix%5D=last&page=2&q=Samuel+Jessurun&type=product%2Carticle,,
ジャック＝エミール・ブランシュ,https://customprinthaus.com/search?type=product%2Carticle&options%5Bprefix%5D=last&q=JACQUES+EMILE+BLANCHE,,,
ジョージ・ベローズ,https://customprinthaus.com/search?type=product%2Carticle&options%5Bprefix%5D=last&q=George+Wesley+Bellows,https://customprinthaus.com/search?options%5Bprefix%5D=last&page=2&q=George+Wesley+Bellows&type=product%2Carticle,,
ジョルジュ・スーラ,https://customprinthaus.com/search?type=product%2Carticle&options%5Bprefix%5D=last&q=Georges+Seurat,https://customprinthaus.com/search?options%5Bprefix%5D=last&page=2&q=Georges+Seurat&type=product%2Carticle,,
ジョルジュ・ド・フール,https://customprinthaus.com/search?type=product%2Carticle&options%5Bprefix%5D=last&q=GEORGES+DE+FEURE,,,
ジョン・ジェームズ・オーデュボン,https://customprinthaus.com/search?type=product%2Carticle&options%5Bprefix%5D=last&q=JOHN+JAMES+AUDUBON,https://customprinthaus.com/search?options%5Bprefix%5D=last&page=2&q=JOHN+JAMES+AUDUBON&type=product%2Carticle,https://customprinthaus.com/search?options%5Bprefix%5D=last&page=3&q=JOHN+JAMES+AUDUBON&type=product%2Carticle,
ジョン・シンガー・サージェント,https://customprinthaus.com/search?type=product%2Carticle&options%5Bprefix%5D=last&q=John+Singer+Sargent,https://customprinthaus.com/search?options%5Bprefix%5D=last&page=2&q=John+Singer+Sargent&type=product%2Carticle,,
ジョン・フレデリック・ヘーリング・シニア,https://customprinthaus.com/search?type=product%2Carticle&options%5Bprefix%5D=last&q=JOHN+FREDERICK+HERRING,,,
ディエゴ・ベラスケス,,,,
パウル・クレー,https://customprinthaus.com/search?type=product%2Carticle&options%5Bprefix%5D=last&q=Paul+Klee,https://customprinthaus.com/search?options%5Bprefix%5D=last&page=2&q=Paul+Klee&type=product%2Carticle,,
ピエール＝オーギュスト・ルノワール,https://customprinthaus.com/search?type=product%2Carticle&options%5Bprefix%5D=last&q=PIERRE+AUGUSTE+RENOIR,,,
ピエール・ボナール,https://customprinthaus.com/search?type=product%2Carticle&options%5Bprefix%5D=last&q=PIERRE+BONNARD,https://customprinthaus.com/search?options%5Bprefix%5D=last&page=2&q=PIERRE+BONNARD&type=product%2Carticle,,
ピエト(ピート）・モンドリアン,https://customprinthaus.com/search?type=product%2Carticle&options%5Bprefix%5D=last&q=piet,https://customprinthaus.com/search?options%5Bprefix%5D=last&page=2&q=piet&type=product%2Carticle,,
フィンセント・ファン・ゴッホ,https://customprinthaus.com/search?type=product%2Carticle&options%5Bprefix%5D=last&q=van+Gogh,https://customprinthaus.com/search?options%5Bprefix%5D=last&page=2&q=van+Gogh&type=product%2Carticle,https://customprinthaus.com/search?options%5Bprefix%5D=last&page=3&q=van+Gogh&type=product%2Carticle,
フランソワ・ブーシェ,https://customprinthaus.com/search?type=product%2Carticle&options%5Bprefix%5D=last&q=Boucher,,,
フレデリック・チャイルド・ハッサム,https://customprinthaus.com/search?type=product%2Carticle&options%5Bprefix%5D=last&q=FREDERICK+CHILDE+HASSAM+,,,
ヘンリー・ライマン・サセン,https://customprinthaus.com/search?type=product%2Carticle&options%5Bprefix%5D=last&q=+HENRY+LYMAN+SA%C5%B8EN,https://customprinthaus.com/search?options%5Bprefix%5D=last&page=2&q=+HENRY+LYMAN+SA%C5%B8EN&type=product%2Carticle,,
ポール・ゴーギャン,https://customprinthaus.com/search?type=product%2Carticle&options%5Bprefix%5D=last&q=Gauguin,https://customprinthaus.com/search?options%5Bprefix%5D=last&page=2&q=Gauguin&type=product%2Carticle,https://customprinthaus.com/search?options%5Bprefix%5D=last&page=3&q=Gauguin&type=product%2Carticle,
ポール・セザンヌ,https://customprinthaus.com/search?type=product%2Carticle&options%5Bprefix%5D=last&q=+PAUL+C%C3%89ZANNE,https://customprinthaus.com/search?options%5Bprefix%5D=last&page=2&q=+PAUL+C%C3%89ZANNE&type=product%2Carticle,https://customprinthaus.com/search?options%5Bprefix%5D=last&page=3&q=+PAUL+C%C3%89ZANNE&type=product%2Carticle,
ミケランジェロ・ブオナローティ,https://customprinthaus.com/search?type=product%2Carticle&options%5Bprefix%5D=last&q=MICHELANGELO+BUONARROTI,,,
メアリー・カサット,https://customprinthaus.com/search?type=product%2Carticle&options%5Bprefix%5D=last&q=Mary+Stevenson+Cassatt,https://customprinthaus.com/search?options%5Bprefix%5D=last&page=2&q=Mary+Stevenson+Cassatt&type=product%2Carticle,,
モーリス・ドニ,https://customprinthaus.com/search?type=product%2Carticle&options%5Bprefix%5D=last&q=Maurice+Denis,,,
ヤン・トーロップ,https://customprinthaus.com/search?type=product%2Carticle&options%5Bprefix%5D=last&q=JAN+TOOROP,https://customprinthaus.com/search?options%5Bprefix%5D=last&page=2&q=JAN+TOOROP&type=product%2Carticle,,
ヨハネス・フェルメール,https://customprinthaus.com/search?type=product%2Carticle&options%5Bprefix%5D=last&q=Vermeer,https://customprinthaus.com/search?options%5Bprefix%5D=last&page=2&q=Vermeer&type=product%2Carticle,,
ヨハン・ヘオルフ・ファン・カスペル,https://customprinthaus.com/search?type=product%2Carticle&options%5Bprefix%5D=last&q=JOHANN+GEORGE+VAN+CASPEL+20th,,,
ラファエロ・サンティ,https://customprinthaus.com/search?type=product%2Carticle&options%5Bprefix%5D=last&q=RAPHAEL+RAFFAELLO,https://customprinthaus.com/search?options%5Bprefix%5D=last&page=2&q=RAPHAEL+RAFFAELLO&type=product%2Carticle,,
ルイ＝アベル・トリュシェ,https://customprinthaus.com/search?type=product%2Carticle&options%5Bprefix%5D=last&q=LOUIS+ABEL+TRUCHET+,,,
ルイージ・メイヤー,https://customprinthaus.com/search?type=product%2Carticle&options%5Bprefix%5D=last&q=LUIGI+MAYER,https://customprinthaus.com/search?options%5Bprefix%5D=last&page=2&q=LUIGI+MAYER&type=product%2Carticle,,
レオナルド・ダ・ヴィンチ,https://customprinthaus.com/search?type=product%2Carticle&options%5Bprefix%5D=last&q=Leonardo+da+Vinci,,,
ワシリー・カンディンスキー,https://customprinthaus.com/search?type=product%2Carticle&options%5Bprefix%5D=last&q=Wassily+Kandinsky+,,,